id,name
1,Abbott-Schmitt
2,Reynolds Group
3,Kessler-Schaefer
4,"Price, Gibson and Anderson"
5,"Reichert, Bauch and MacGyver"
6,Boyer-Baumbach
7,White LLC
8,Schumm Inc
9,Koepp-Wintheiser
10,Ullrich Inc
11,Larkin-Green
12,Murazik and Sons
13,Beer-Hackett
14,Emard LLC
15,Dach Inc
16,Botsford LLC
17,"Tremblay, Waelchi and Harvey"
18,"Mitchell, Torp and Kessler"
19,Hartmann-Becker
20,"Dach, Hintz and Huels"
21,"Haley, Koch and Osinski"
22,"Hand, Gottlieb and Brown"
23,"Howe, Casper and Boyer"
24,"Medhurst, Hansen and Heidenreich"
25,Marks-Jenkins
26,Steuber Group
27,"Cruickshank, Ortiz and Mitchell"
28,Rowe and Sons
29,Lang Inc
30,Jenkins-Witting
